File,Window,RPM,Actual Condition,Predicted Condition,Confidence (%),Status,Recommended Action
97.mat,0,1797,Normal,Normal,100.0,NORMAL,Continue normal monitoring
97.mat,1,1797,Normal,Normal,100.0,NORMAL,Continue normal monitoring
97.mat,2,1797,Normal,Normal,100.0,NORMAL,Continue normal monitoring
97.mat,3,1797,Normal,Normal,100.0,NORMAL,Continue normal monitoring
97.mat,4,1797,Normal,Normal,100.0,NORMAL,Continue normal monitoring
97.mat,5,1797,Normal,Normal,100.0,NORMAL,Continue normal monitoring
97.mat,6,1797,Normal,Normal,100.0,NORMAL,Continue normal monitoring
97.mat,7,1797,Normal,Normal,100.0,NORMAL,Continue normal monitoring
97.mat,8,1797,Normal,Normal,100.0,NORMAL,Continue normal monitoring
97.mat,9,1797,Normal,Normal,100.0,NORMAL,Continue normal monitoring
97.mat,10,1797,Normal,Normal,100.0,NORMAL,Continue normal monitoring
97.mat,11,1797,Normal,Normal,100.0,NORMAL,Continue normal monitoring
97.mat,12,1797,Normal,Normal,100.0,NORMAL,Continue normal monitoring
97.mat,13,1797,Normal,Normal,100.0,NORMAL,Continue normal monitoring
97.mat,14,1797,Normal,Normal,100.0,NORMAL,Continue normal monitoring
97.mat,15,1797,Normal,Normal,100.0,NORMAL,Continue normal monitoring
97.mat,16,1797,Normal,Normal,100.0,NORMAL,Continue normal monitoring
97.mat,17,1797,Normal,Normal,100.0,NORMAL,Continue normal monitoring
97.mat,18,1797,Normal,Normal,100.0,NORMAL,Continue normal monitoring
97.mat,19,1797,Normal,Normal,100.0,NORMAL,Continue normal monitoring
97.mat,20,1797,Normal,Normal,100.0,NORMAL,Continue normal monitoring
97.mat,21,1797,Normal,Normal,100.0,NORMAL,Continue normal monitoring
97.mat,22,1797,Normal,Normal,100.0,NORMAL,Continue normal monitoring
97.mat,23,1797,Normal,Normal,100.0,NORMAL,Continue normal monitoring
97.mat,24,1797,Normal,Normal,100.0,NORMAL,Continue normal monitoring
97.mat,25,1797,Normal,Normal,100.0,NORMAL,Continue normal monitoring
97.mat,26,1797,Normal,Normal,100.0,NORMAL,Continue normal monitoring
97.mat,27,1797,Normal,Normal,100.0,NORMAL,Continue normal monitoring
97.mat,28,1797,Normal,Normal,100.0,NORMAL,Continue normal monitoring
97.mat,29,1797,Normal,Normal,100.0,NORMAL,Continue normal monitoring
97.mat,30,1797,Normal,Normal,100.0,NORMAL,Continue normal monitoring
97.mat,31,1797,Normal,Normal,100.0,NORMAL,Continue normal monitoring
97.mat,32,1797,Normal,Normal,100.0,NORMAL,Continue normal monitoring
97.mat,33,1797,Normal,Normal,100.0,NORMAL,Continue normal monitoring
97.mat,34,1797,Normal,Normal,100.0,NORMAL,Continue normal monitoring
97.mat,35,1797,Normal,Normal,100.0,NORMAL,Continue normal monitoring
97.mat,36,1797,Normal,Normal,100.0,NORMAL,Continue normal monitoring
97.mat,37,1797,Normal,Normal,100.0,NORMAL,Continue normal monitoring
97.mat,38,1797,Normal,Normal,100.0,NORMAL,Continue normal monitoring
98.mat,0,1772,Normal,Normal,100.0,NORMAL,Continue normal monitoring
98.mat,1,1772,Normal,Normal,100.0,NORMAL,Continue normal monitoring
98.mat,2,1772,Normal,Normal,100.0,NORMAL,Continue normal monitoring
98.mat,3,1772,Normal,Normal,100.0,NORMAL,Continue normal monitoring
98.mat,4,1772,Normal,Normal,100.0,NORMAL,Continue normal monitoring
98.mat,5,1772,Normal,Normal,100.0,NORMAL,Continue normal monitoring
98.mat,6,1772,Normal,Normal,100.0,NORMAL,Continue normal monitoring
98.mat,7,1772,Normal,Normal,100.0,NORMAL,Continue normal monitoring
98.mat,8,1772,Normal,Normal,100.0,NORMAL,Continue normal monitoring
98.mat,9,1772,Normal,Normal,100.0,NORMAL,Continue normal monitoring
98.mat,10,1772,Normal,Normal,100.0,NORMAL,Continue normal monitoring
98.mat,11,1772,Normal,Normal,100.0,NORMAL,Continue normal monitoring
98.mat,12,1772,Normal,Normal,100.0,NORMAL,Continue normal monitoring
98.mat,13,1772,Normal,Normal,100.0,NORMAL,Continue normal monitoring
98.mat,14,1772,Normal,Normal,100.0,NORMAL,Continue normal monitoring
98.mat,15,1772,Normal,Normal,100.0,NORMAL,Continue normal monitoring
98.mat,16,1772,Normal,Normal,100.0,NORMAL,Continue normal monitoring
98.mat,17,1772,Normal,Normal,100.0,NORMAL,Continue normal monitoring
98.mat,18,1772,Normal,Normal,100.0,NORMAL,Continue normal monitoring
98.mat,19,1772,Normal,Normal,100.0,NORMAL,Continue normal monitoring
98.mat,20,1772,Normal,Normal,100.0,NORMAL,Continue normal monitoring
98.mat,21,1772,Normal,Normal,100.0,NORMAL,Continue normal monitoring
98.mat,22,1772,Normal,Normal,100.0,NORMAL,Continue normal monitoring
98.mat,23,1772,Normal,Normal,100.0,NORMAL,Continue normal monitoring
98.mat,24,1772,Normal,Normal,100.0,NORMAL,Continue normal monitoring
98.mat,25,1772,Normal,Normal,100.0,NORMAL,Continue normal monitoring
98.mat,26,1772,Normal,Normal,100.0,NORMAL,Continue normal monitoring
98.mat,27,1772,Normal,Normal,100.0,NORMAL,Continue normal monitoring
98.mat,28,1772,Normal,Normal,100.0,NORMAL,Continue normal monitoring
98.mat,29,1772,Normal,Normal,100.0,NORMAL,Continue normal monitoring
98.mat,30,1772,Normal,Normal,100.0,NORMAL,Continue normal monitoring
98.mat,31,1772,Normal,Normal,100.0,NORMAL,Continue normal monitoring
98.mat,32,1772,Normal,Normal,100.0,NORMAL,Continue normal monitoring
98.mat,33,1772,Normal,Normal,100.0,NORMAL,Continue normal monitoring
98.mat,34,1772,Normal,Normal,100.0,NORMAL,Continue normal monitoring
98.mat,35,1772,Normal,Normal,100.0,NORMAL,Continue normal monitoring
98.mat,36,1772,Normal,Normal,100.0,NORMAL,Continue normal monitoring
98.mat,37,1772,Normal,Normal,100.0,NORMAL,Continue normal monitoring
98.mat,38,1772,Normal,Normal,100.0,NORMAL,Continue normal monitoring
98.mat,39,1772,Normal,Normal,100.0,NORMAL,Continue normal monitoring
98.mat,40,1772,Normal,Normal,100.0,NORMAL,Continue normal monitoring
98.mat,41,1772,Normal,Normal,100.0,NORMAL,Continue normal monitoring
98.mat,42,1772,Normal,Normal,100.0,NORMAL,Continue normal monitoring
98.mat,43,1772,Normal,Normal,100.0,NORMAL,Continue normal monitoring
98.mat,44,1772,Normal,Normal,100.0,NORMAL,Continue normal monitoring
98.mat,45,1772,Normal,Normal,100.0,NORMAL,Continue normal monitoring
98.mat,46,1772,Normal,Normal,100.0,NORMAL,Continue normal monitoring
98.mat,47,1772,Normal,Normal,100.0,NORMAL,Continue normal monitoring
98.mat,48,1772,Normal,Normal,100.0,NORMAL,Continue normal monitoring
98.mat,49,1772,Normal,Normal,100.0,NORMAL,Continue normal monitoring
98.mat,50,1772,Normal,Normal,100.0,NORMAL,Continue normal monitoring
98.mat,51,1772,Normal,Normal,100.0,NORMAL,Continue normal monitoring
98.mat,52,1772,Normal,Normal,100.0,NORMAL,Continue normal monitoring
98.mat,53,1772,Normal,Normal,100.0,NORMAL,Continue normal monitoring
98.mat,54,1772,Normal,Normal,100.0,NORMAL,Continue normal monitoring
98.mat,55,1772,Normal,Normal,100.0,NORMAL,Continue normal monitoring
98.mat,56,1772,Normal,Normal,100.0,NORMAL,Continue normal monitoring
98.mat,57,1772,Normal,Normal,100.0,NORMAL,Continue normal monitoring
98.mat,58,1772,Normal,Normal,100.0,NORMAL,Continue normal monitoring
98.mat,59,1772,Normal,Normal,100.0,NORMAL,Continue normal monitoring
98.mat,60,1772,Normal,Normal,100.0,NORMAL,Continue normal monitoring
98.mat,61,1772,Normal,Normal,100.0,NORMAL,Continue normal monitoring
98.mat,62,1772,Normal,Normal,100.0,NORMAL,Continue normal monitoring
98.mat,63,1772,Normal,Normal,100.0,NORMAL,Continue normal monitoring
98.mat,64,1772,Normal,Normal,100.0,NORMAL,Continue normal monitoring
98.mat,65,1772,Normal,Normal,100.0,NORMAL,Continue normal monitoring
98.mat,66,1772,Normal,Normal,100.0,NORMAL,Continue normal monitoring
98.mat,67,1772,Normal,Normal,100.0,NORMAL,Continue normal monitoring
98.mat,68,1772,Normal,Normal,100.0,NORMAL,Continue normal monitoring
98.mat,69,1772,Normal,Normal,100.0,NORMAL,Continue normal monitoring
98.mat,70,1772,Normal,Normal,100.0,NORMAL,Continue normal monitoring
98.mat,71,1772,Normal,Normal,100.0,NORMAL,Continue normal monitoring
98.mat,72,1772,Normal,Normal,100.0,NORMAL,Continue normal monitoring
98.mat,73,1772,Normal,Normal,100.0,NORMAL,Continue normal monitoring
98.mat,74,1772,Normal,Normal,100.0,NORMAL,Continue normal monitoring
98.mat,75,1772,Normal,Normal,100.0,NORMAL,Continue normal monitoring
98.mat,76,1772,Normal,Normal,100.0,NORMAL,Continue normal monitoring
98.mat,77,1772,Normal,Normal,100.0,NORMAL,Continue normal monitoring
98.mat,78,1772,Normal,Normal,100.0,NORMAL,Continue normal monitoring
99.mat,0,1750,Normal,Normal,100.0,NORMAL,Continue normal monitoring
99.mat,1,1750,Normal,Normal,100.0,NORMAL,Continue normal monitoring
99.mat,2,1750,Normal,Normal,100.0,NORMAL,Continue normal monitoring
99.mat,3,1750,Normal,Normal,100.0,NORMAL,Continue normal monitoring
99.mat,4,1750,Normal,Normal,100.0,NORMAL,Continue normal monitoring
99.mat,5,1750,Normal,Normal,100.0,NORMAL,Continue normal monitoring
99.mat,6,1750,Normal,Normal,100.0,NORMAL,Continue normal monitoring
99.mat,7,1750,Normal,Normal,100.0,NORMAL,Continue normal monitoring
99.mat,8,1750,Normal,Normal,100.0,NORMAL,Continue normal monitoring
99.mat,9,1750,Normal,Normal,100.0,NORMAL,Continue normal monitoring
99.mat,10,1750,Normal,Normal,100.0,NORMAL,Continue normal monitoring
99.mat,11,1750,Normal,Normal,100.0,NORMAL,Continue normal monitoring
99.mat,12,1750,Normal,Normal,100.0,NORMAL,Continue normal monitoring
99.mat,13,1750,Normal,Normal,100.0,NORMAL,Continue normal monitoring
99.mat,14,1750,Normal,Normal,100.0,NORMAL,Continue normal monitoring
99.mat,15,1750,Normal,Normal,100.0,NORMAL,Continue normal monitoring
99.mat,16,1750,Normal,Normal,100.0,NORMAL,Continue normal monitoring
99.mat,17,1750,Normal,Normal,100.0,NORMAL,Continue normal monitoring
99.mat,18,1750,Normal,Normal,100.0,NORMAL,Continue normal monitoring
99.mat,19,1750,Normal,Normal,100.0,NORMAL,Continue normal monitoring
99.mat,20,1750,Normal,Normal,100.0,NORMAL,Continue normal monitoring
99.mat,21,1750,Normal,Normal,100.0,NORMAL,Continue normal monitoring
99.mat,22,1750,Normal,Normal,100.0,NORMAL,Continue normal monitoring
99.mat,23,1750,Normal,Normal,100.0,NORMAL,Continue normal monitoring
99.mat,24,1750,Normal,Normal,100.0,NORMAL,Continue normal monitoring
99.mat,25,1750,Normal,Normal,100.0,NORMAL,Continue normal monitoring
99.mat,26,1750,Normal,Normal,100.0,NORMAL,Continue normal monitoring
99.mat,27,1750,Normal,Normal,100.0,NORMAL,Continue normal monitoring
99.mat,28,1750,Normal,Normal,100.0,NORMAL,Continue normal monitoring
99.mat,29,1750,Normal,Normal,100.0,NORMAL,Continue normal monitoring
99.mat,30,1750,Normal,Normal,100.0,NORMAL,Continue normal monitoring
99.mat,31,1750,Normal,Normal,100.0,NORMAL,Continue normal monitoring
99.mat,32,1750,Normal,Normal,100.0,NORMAL,Continue normal monitoring
99.mat,33,1750,Normal,Normal,100.0,NORMAL,Continue normal monitoring
99.mat,34,1750,Normal,Normal,100.0,NORMAL,Continue normal monitoring
99.mat,35,1750,Normal,Normal,100.0,NORMAL,Continue normal monitoring
99.mat,36,1750,Normal,Normal,100.0,NORMAL,Continue normal monitoring
99.mat,37,1750,Normal,Normal,100.0,NORMAL,Continue normal monitoring
99.mat,38,1750,Normal,Normal,100.0,NORMAL,Continue normal monitoring
99.mat,39,1750,Normal,Normal,100.0,NORMAL,Continue normal monitoring
99.mat,40,1750,Normal,Normal,100.0,NORMAL,Continue normal monitoring
99.mat,41,1750,Normal,Normal,100.0,NORMAL,Continue normal monitoring
99.mat,42,1750,Normal,Normal,100.0,NORMAL,Continue normal monitoring
99.mat,43,1750,Normal,Normal,100.0,NORMAL,Continue normal monitoring
99.mat,44,1750,Normal,Normal,100.0,NORMAL,Continue normal monitoring
99.mat,45,1750,Normal,Normal,100.0,NORMAL,Continue normal monitoring
99.mat,46,1750,Normal,Normal,100.0,NORMAL,Continue normal monitoring
99.mat,47,1750,Normal,Normal,100.0,NORMAL,Continue normal monitoring
99.mat,48,1750,Normal,Normal,100.0,NORMAL,Continue normal monitoring
99.mat,49,1750,Normal,Normal,100.0,NORMAL,Continue normal monitoring
99.mat,50,1750,Normal,Normal,100.0,NORMAL,Continue normal monitoring
99.mat,51,1750,Normal,Normal,100.0,NORMAL,Continue normal monitoring
99.mat,52,1750,Normal,Normal,100.0,NORMAL,Continue normal monitoring
99.mat,53,1750,Normal,Normal,100.0,NORMAL,Continue normal monitoring
99.mat,54,1750,Normal,Normal,100.0,NORMAL,Continue normal monitoring
99.mat,55,1750,Normal,Normal,100.0,NORMAL,Continue normal monitoring
99.mat,56,1750,Normal,Normal,100.0,NORMAL,Continue normal monitoring
99.mat,57,1750,Normal,Normal,100.0,NORMAL,Continue normal monitoring
99.mat,58,1750,Normal,Normal,100.0,NORMAL,Continue normal monitoring
99.mat,59,1750,Normal,Normal,100.0,NORMAL,Continue normal monitoring
99.mat,60,1750,Normal,Normal,100.0,NORMAL,Continue normal monitoring
99.mat,61,1750,Normal,Normal,100.0,NORMAL,Continue normal monitoring
99.mat,62,1750,Normal,Normal,100.0,NORMAL,Continue normal monitoring
99.mat,63,1750,Normal,Normal,100.0,NORMAL,Continue normal monitoring
99.mat,64,1750,Normal,Normal,100.0,NORMAL,Continue normal monitoring
99.mat,65,1750,Normal,Normal,100.0,NORMAL,Continue normal monitoring
99.mat,66,1750,Normal,Normal,100.0,NORMAL,Continue normal monitoring
99.mat,67,1750,Normal,Normal,100.0,NORMAL,Continue normal monitoring
99.mat,68,1750,Normal,Normal,100.0,NORMAL,Continue normal monitoring
99.mat,69,1750,Normal,Normal,100.0,NORMAL,Continue normal monitoring
99.mat,70,1750,Normal,Normal,100.0,NORMAL,Continue normal monitoring
99.mat,71,1750,Normal,Normal,100.0,NORMAL,Continue normal monitoring
99.mat,72,1750,Normal,Normal,100.0,NORMAL,Continue normal monitoring
99.mat,73,1750,Normal,Normal,100.0,NORMAL,Continue normal monitoring
99.mat,74,1750,Normal,Normal,100.0,NORMAL,Continue normal monitoring
99.mat,75,1750,Normal,Normal,100.0,NORMAL,Continue normal monitoring
99.mat,76,1750,Normal,Normal,100.0,NORMAL,Continue normal monitoring
99.mat,77,1750,Normal,Normal,100.0,NORMAL,Continue normal monitoring
99.mat,78,1750,Normal,Normal,100.0,NORMAL,Continue normal monitoring
100.mat,0,1730,Normal,Normal,100.0,NORMAL,Continue normal monitoring
100.mat,1,1730,Normal,Normal,100.0,NORMAL,Continue normal monitoring
100.mat,2,1730,Normal,Normal,100.0,NORMAL,Continue normal monitoring
100.mat,3,1730,Normal,Normal,100.0,NORMAL,Continue normal monitoring
100.mat,4,1730,Normal,Normal,100.0,NORMAL,Continue normal monitoring
100.mat,5,1730,Normal,Normal,100.0,NORMAL,Continue normal monitoring
100.mat,6,1730,Normal,Normal,100.0,NORMAL,Continue normal monitoring
100.mat,7,1730,Normal,Normal,100.0,NORMAL,Continue normal monitoring
100.mat,8,1730,Normal,Normal,100.0,NORMAL,Continue normal monitoring
100.mat,9,1730,Normal,Normal,100.0,NORMAL,Continue normal monitoring
100.mat,10,1730,Normal,Normal,100.0,NORMAL,Continue normal monitoring
100.mat,11,1730,Normal,Normal,100.0,NORMAL,Continue normal monitoring
100.mat,12,1730,Normal,Normal,100.0,NORMAL,Continue normal monitoring
100.mat,13,1730,Normal,Normal,100.0,NORMAL,Continue normal monitoring
100.mat,14,1730,Normal,Normal,100.0,NORMAL,Continue normal monitoring
100.mat,15,1730,Normal,Normal,100.0,NORMAL,Continue normal monitoring
100.mat,16,1730,Normal,Normal,100.0,NORMAL,Continue normal monitoring
100.mat,17,1730,Normal,Normal,100.0,NORMAL,Continue normal monitoring
100.mat,18,1730,Normal,Normal,100.0,NORMAL,Continue normal monitoring
100.mat,19,1730,Normal,Normal,100.0,NORMAL,Continue normal monitoring
100.mat,20,1730,Normal,Normal,100.0,NORMAL,Continue normal monitoring
100.mat,21,1730,Normal,Normal,100.0,NORMAL,Continue normal monitoring
100.mat,22,1730,Normal,Normal,100.0,NORMAL,Continue normal monitoring
100.mat,23,1730,Normal,Normal,100.0,NORMAL,Continue normal monitoring
100.mat,24,1730,Normal,Normal,100.0,NORMAL,Continue normal monitoring
100.mat,25,1730,Normal,Normal,100.0,NORMAL,Continue normal monitoring
100.mat,26,1730,Normal,Normal,100.0,NORMAL,Continue normal monitoring
100.mat,27,1730,Normal,Normal,100.0,NORMAL,Continue normal monitoring
100.mat,28,1730,Normal,Normal,100.0,NORMAL,Continue normal monitoring
100.mat,29,1730,Normal,Normal,100.0,NORMAL,Continue normal monitoring
100.mat,30,1730,Normal,Normal,100.0,NORMAL,Continue normal monitoring
100.mat,31,1730,Normal,Normal,100.0,NORMAL,Continue normal monitoring
100.mat,32,1730,Normal,Normal,100.0,NORMAL,Continue normal monitoring
100.mat,33,1730,Normal,Normal,100.0,NORMAL,Continue normal monitoring
100.mat,34,1730,Normal,Normal,100.0,NORMAL,Continue normal monitoring
100.mat,35,1730,Normal,Normal,100.0,NORMAL,Continue normal monitoring
100.mat,36,1730,Normal,Normal,100.0,NORMAL,Continue normal monitoring
100.mat,37,1730,Normal,Normal,100.0,NORMAL,Continue normal monitoring
100.mat,38,1730,Normal,Normal,100.0,NORMAL,Continue normal monitoring
100.mat,39,1730,Normal,Normal,100.0,NORMAL,Continue normal monitoring
100.mat,40,1730,Normal,Normal,100.0,NORMAL,Continue normal monitoring
100.mat,41,1730,Normal,Normal,100.0,NORMAL,Continue normal monitoring
100.mat,42,1730,Normal,Normal,100.0,NORMAL,Continue normal monitoring
100.mat,43,1730,Normal,Normal,100.0,NORMAL,Continue normal monitoring
100.mat,44,1730,Normal,Normal,100.0,NORMAL,Continue normal monitoring
100.mat,45,1730,Normal,Normal,100.0,NORMAL,Continue normal monitoring
100.mat,46,1730,Normal,Normal,100.0,NORMAL,Continue normal monitoring
100.mat,47,1730,Normal,Normal,100.0,NORMAL,Continue normal monitoring
100.mat,48,1730,Normal,Normal,100.0,NORMAL,Continue normal monitoring
100.mat,49,1730,Normal,Normal,100.0,NORMAL,Continue normal monitoring
100.mat,50,1730,Normal,Normal,100.0,NORMAL,Continue normal monitoring
100.mat,51,1730,Normal,Normal,100.0,NORMAL,Continue normal monitoring
100.mat,52,1730,Normal,Normal,100.0,NORMAL,Continue normal monitoring
100.mat,53,1730,Normal,Normal,100.0,NORMAL,Continue normal monitoring
100.mat,54,1730,Normal,Normal,100.0,NORMAL,Continue normal monitoring
100.mat,55,1730,Normal,Normal,100.0,NORMAL,Continue normal monitoring
100.mat,56,1730,Normal,Normal,100.0,NORMAL,Continue normal monitoring
100.mat,57,1730,Normal,Normal,100.0,NORMAL,Continue normal monitoring
100.mat,58,1730,Normal,Normal,100.0,NORMAL,Continue normal monitoring
100.mat,59,1730,Normal,Normal,100.0,NORMAL,Continue normal monitoring
100.mat,60,1730,Normal,Normal,100.0,NORMAL,Continue normal monitoring
100.mat,61,1730,Normal,Normal,100.0,NORMAL,Continue normal monitoring
100.mat,62,1730,Normal,Normal,100.0,NORMAL,Continue normal monitoring
100.mat,63,1730,Normal,Normal,100.0,NORMAL,Continue normal monitoring
100.mat,64,1730,Normal,Normal,100.0,NORMAL,Continue normal monitoring
100.mat,65,1730,Normal,Normal,100.0,NORMAL,Continue normal monitoring
100.mat,66,1730,Normal,Normal,100.0,NORMAL,Continue normal monitoring
100.mat,67,1730,Normal,Normal,100.0,NORMAL,Continue normal monitoring
100.mat,68,1730,Normal,Normal,100.0,NORMAL,Continue normal monitoring
100.mat,69,1730,Normal,Normal,100.0,NORMAL,Continue normal monitoring
100.mat,70,1730,Normal,Normal,100.0,NORMAL,Continue normal monitoring
100.mat,71,1730,Normal,Normal,100.0,NORMAL,Continue normal monitoring
100.mat,72,1730,Normal,Normal,100.0,NORMAL,Continue normal monitoring
100.mat,73,1730,Normal,Normal,100.0,NORMAL,Continue normal monitoring
100.mat,74,1730,Normal,Normal,100.0,NORMAL,Continue normal monitoring
100.mat,75,1730,Normal,Normal,100.0,NORMAL,Continue normal monitoring
100.mat,76,1730,Normal,Normal,100.0,NORMAL,Continue normal monitoring
100.mat,77,1730,Normal,Normal,100.0,NORMAL,Continue normal monitoring
100.mat,78,1730,Normal,Normal,99.5,NORMAL,Continue normal monitoring
105.mat,0,1797,BPFI,BPFI,100.0,WARNING,Inspect inner-race bearing condition
105.mat,1,1797,BPFI,BPFI,100.0,WARNING,Inspect inner-race bearing condition
105.mat,2,1797,BPFI,BPFI,100.0,WARNING,Inspect inner-race bearing condition
105.mat,3,1797,BPFI,BPFI,100.0,WARNING,Inspect inner-race bearing condition
105.mat,4,1797,BPFI,BPFI,100.0,WARNING,Inspect inner-race bearing condition
105.mat,5,1797,BPFI,BPFI,100.0,WARNING,Inspect inner-race bearing condition
105.mat,6,1797,BPFI,BPFI,100.0,WARNING,Inspect inner-race bearing condition
105.mat,7,1797,BPFI,BPFI,100.0,WARNING,Inspect inner-race bearing condition
105.mat,8,1797,BPFI,BPFI,100.0,WARNING,Inspect inner-race bearing condition
105.mat,9,1797,BPFI,BPFI,100.0,WARNING,Inspect inner-race bearing condition
105.mat,10,1797,BPFI,BPFI,100.0,WARNING,Inspect inner-race bearing condition
105.mat,11,1797,BPFI,BPFI,100.0,WARNING,Inspect inner-race bearing condition
105.mat,12,1797,BPFI,BPFI,100.0,WARNING,Inspect inner-race bearing condition
105.mat,13,1797,BPFI,BPFI,100.0,WARNING,Inspect inner-race bearing condition
105.mat,14,1797,BPFI,BPFI,100.0,WARNING,Inspect inner-race bearing condition
105.mat,15,1797,BPFI,BPFI,100.0,WARNING,Inspect inner-race bearing condition
105.mat,16,1797,BPFI,BPFI,100.0,WARNING,Inspect inner-race bearing condition
105.mat,17,1797,BPFI,BPFI,100.0,WARNING,Inspect inner-race bearing condition
105.mat,18,1797,BPFI,BPFI,100.0,WARNING,Inspect inner-race bearing condition
106.mat,0,1772,BPFI,BPFI,100.0,WARNING,Inspect inner-race bearing condition
106.mat,1,1772,BPFI,BPFI,100.0,WARNING,Inspect inner-race bearing condition
106.mat,2,1772,BPFI,BPFI,100.0,WARNING,Inspect inner-race bearing condition
106.mat,3,1772,BPFI,BPFI,100.0,WARNING,Inspect inner-race bearing condition
106.mat,4,1772,BPFI,BPFI,100.0,WARNING,Inspect inner-race bearing condition
106.mat,5,1772,BPFI,BPFI,100.0,WARNING,Inspect inner-race bearing condition
106.mat,6,1772,BPFI,BPFI,100.0,WARNING,Inspect inner-race bearing condition
106.mat,7,1772,BPFI,BPFI,100.0,WARNING,Inspect inner-race bearing condition
106.mat,8,1772,BPFI,BPFI,100.0,WARNING,Inspect inner-race bearing condition
106.mat,9,1772,BPFI,BPFI,100.0,WARNING,Inspect inner-race bearing condition
106.mat,10,1772,BPFI,BPFI,100.0,WARNING,Inspect inner-race bearing condition
106.mat,11,1772,BPFI,BPFI,100.0,WARNING,Inspect inner-race bearing condition
106.mat,12,1772,BPFI,BPFI,100.0,WARNING,Inspect inner-race bearing condition
106.mat,13,1772,BPFI,BPFI,100.0,WARNING,Inspect inner-race bearing condition
106.mat,14,1772,BPFI,BPFI,100.0,WARNING,Inspect inner-race bearing condition
106.mat,15,1772,BPFI,BPFI,100.0,WARNING,Inspect inner-race bearing condition
106.mat,16,1772,BPFI,BPFI,100.0,WARNING,Inspect inner-race bearing condition
106.mat,17,1772,BPFI,BPFI,100.0,WARNING,Inspect inner-race bearing condition
106.mat,18,1772,BPFI,BPFI,100.0,WARNING,Inspect inner-race bearing condition
107.mat,0,1750,BPFI,BPFI,100.0,WARNING,Inspect inner-race bearing condition
107.mat,1,1750,BPFI,BPFI,100.0,WARNING,Inspect inner-race bearing condition
107.mat,2,1750,BPFI,BPFI,100.0,WARNING,Inspect inner-race bearing condition
107.mat,3,1750,BPFI,BPFI,100.0,WARNING,Inspect inner-race bearing condition
107.mat,4,1750,BPFI,BPFI,100.0,WARNING,Inspect inner-race bearing condition
107.mat,5,1750,BPFI,BPFI,100.0,WARNING,Inspect inner-race bearing condition
107.mat,6,1750,BPFI,BPFI,100.0,WARNING,Inspect inner-race bearing condition
107.mat,7,1750,BPFI,BPFI,100.0,WARNING,Inspect inner-race bearing condition
107.mat,8,1750,BPFI,BPFI,100.0,WARNING,Inspect inner-race bearing condition
107.mat,9,1750,BPFI,BPFI,100.0,WARNING,Inspect inner-race bearing condition
107.mat,10,1750,BPFI,BPFI,100.0,WARNING,Inspect inner-race bearing condition
107.mat,11,1750,BPFI,BPFI,100.0,WARNING,Inspect inner-race bearing condition
107.mat,12,1750,BPFI,BPFI,100.0,WARNING,Inspect inner-race bearing condition
107.mat,13,1750,BPFI,BPFI,100.0,WARNING,Inspect inner-race bearing condition
107.mat,14,1750,BPFI,BPFI,100.0,WARNING,Inspect inner-race bearing condition
107.mat,15,1750,BPFI,BPFI,100.0,WARNING,Inspect inner-race bearing condition
107.mat,16,1750,BPFI,BPFI,100.0,WARNING,Inspect inner-race bearing condition
107.mat,17,1750,BPFI,BPFI,100.0,WARNING,Inspect inner-race bearing condition
107.mat,18,1750,BPFI,BPFI,100.0,WARNING,Inspect inner-race bearing condition
108.mat,0,1730,BPFI,BPFI,100.0,WARNING,Inspect inner-race bearing condition
108.mat,1,1730,BPFI,BPFI,100.0,WARNING,Inspect inner-race bearing condition
108.mat,2,1730,BPFI,BPFI,100.0,WARNING,Inspect inner-race bearing condition
108.mat,3,1730,BPFI,BPFI,100.0,WARNING,Inspect inner-race bearing condition
108.mat,4,1730,BPFI,BPFI,100.0,WARNING,Inspect inner-race bearing condition
108.mat,5,1730,BPFI,BPFI,100.0,WARNING,Inspect inner-race bearing condition
108.mat,6,1730,BPFI,BPFI,100.0,WARNING,Inspect inner-race bearing condition
108.mat,7,1730,BPFI,BPFI,100.0,WARNING,Inspect inner-race bearing condition
108.mat,8,1730,BPFI,BPFI,100.0,WARNING,Inspect inner-race bearing condition
108.mat,9,1730,BPFI,BPFI,100.0,WARNING,Inspect inner-race bearing condition
108.mat,10,1730,BPFI,BPFI,100.0,WARNING,Inspect inner-race bearing condition
108.mat,11,1730,BPFI,BPFI,100.0,WARNING,Inspect inner-race bearing condition
108.mat,12,1730,BPFI,BPFI,100.0,WARNING,Inspect inner-race bearing condition
108.mat,13,1730,BPFI,BPFI,100.0,WARNING,Inspect inner-race bearing condition
108.mat,14,1730,BPFI,BPFI,100.0,WARNING,Inspect inner-race bearing condition
108.mat,15,1730,BPFI,BPFI,100.0,WARNING,Inspect inner-race bearing condition
108.mat,16,1730,BPFI,BPFI,100.0,WARNING,Inspect inner-race bearing condition
108.mat,17,1730,BPFI,BPFI,100.0,WARNING,Inspect inner-race bearing condition
108.mat,18,1730,BPFI,BPFI,100.0,WARNING,Inspect inner-race bearing condition
130.mat,0,1797,BPFO,BPFO,100.0,WARNING,Inspect outer-race bearing condition
130.mat,1,1797,BPFO,BPFO,100.0,WARNING,Inspect outer-race bearing condition
130.mat,2,1797,BPFO,BPFO,100.0,WARNING,Inspect outer-race bearing condition
130.mat,3,1797,BPFO,BPFO,100.0,WARNING,Inspect outer-race bearing condition
130.mat,4,1797,BPFO,BPFO,100.0,WARNING,Inspect outer-race bearing condition
130.mat,5,1797,BPFO,BPFO,100.0,WARNING,Inspect outer-race bearing condition
130.mat,6,1797,BPFO,BPFO,100.0,WARNING,Inspect outer-race bearing condition
130.mat,7,1797,BPFO,BPFO,100.0,WARNING,Inspect outer-race bearing condition
130.mat,8,1797,BPFO,BPFO,100.0,WARNING,Inspect outer-race bearing condition
130.mat,9,1797,BPFO,BPFO,100.0,WARNING,Inspect outer-race bearing condition
130.mat,10,1797,BPFO,BPFO,100.0,WARNING,Inspect outer-race bearing condition
130.mat,11,1797,BPFO,BPFO,100.0,WARNING,Inspect outer-race bearing condition
130.mat,12,1797,BPFO,BPFO,100.0,WARNING,Inspect outer-race bearing condition
130.mat,13,1797,BPFO,BPFO,100.0,WARNING,Inspect outer-race bearing condition
130.mat,14,1797,BPFO,BPFO,100.0,WARNING,Inspect outer-race bearing condition
130.mat,15,1797,BPFO,BPFO,100.0,WARNING,Inspect outer-race bearing condition
130.mat,16,1797,BPFO,BPFO,100.0,WARNING,Inspect outer-race bearing condition
130.mat,17,1797,BPFO,BPFO,100.0,WARNING,Inspect outer-race bearing condition
130.mat,18,1797,BPFO,BPFO,100.0,WARNING,Inspect outer-race bearing condition
131.mat,0,1772,BPFO,BPFO,100.0,WARNING,Inspect outer-race bearing condition
131.mat,1,1772,BPFO,BPFO,100.0,WARNING,Inspect outer-race bearing condition
131.mat,2,1772,BPFO,BPFO,100.0,WARNING,Inspect outer-race bearing condition
131.mat,3,1772,BPFO,BPFO,100.0,WARNING,Inspect outer-race bearing condition
131.mat,4,1772,BPFO,BPFO,100.0,WARNING,Inspect outer-race bearing condition
131.mat,5,1772,BPFO,BPFO,100.0,WARNING,Inspect outer-race bearing condition
131.mat,6,1772,BPFO,BPFO,100.0,WARNING,Inspect outer-race bearing condition
131.mat,7,1772,BPFO,BPFO,100.0,WARNING,Inspect outer-race bearing condition
131.mat,8,1772,BPFO,BPFO,100.0,WARNING,Inspect outer-race bearing condition
131.mat,9,1772,BPFO,BPFO,100.0,WARNING,Inspect outer-race bearing condition
131.mat,10,1772,BPFO,BPFO,100.0,WARNING,Inspect outer-race bearing condition
131.mat,11,1772,BPFO,BPFO,100.0,WARNING,Inspect outer-race bearing condition
131.mat,12,1772,BPFO,BPFO,100.0,WARNING,Inspect outer-race bearing condition
131.mat,13,1772,BPFO,BPFO,100.0,WARNING,Inspect outer-race bearing condition
131.mat,14,1772,BPFO,BPFO,100.0,WARNING,Inspect outer-race bearing condition
131.mat,15,1772,BPFO,BPFO,100.0,WARNING,Inspect outer-race bearing condition
131.mat,16,1772,BPFO,BPFO,100.0,WARNING,Inspect outer-race bearing condition
131.mat,17,1772,BPFO,BPFO,100.0,WARNING,Inspect outer-race bearing condition
131.mat,18,1772,BPFO,BPFO,100.0,WARNING,Inspect outer-race bearing condition
132.mat,0,1750,BPFO,BPFO,100.0,WARNING,Inspect outer-race bearing condition
132.mat,1,1750,BPFO,BPFO,99.5,WARNING,Inspect outer-race bearing condition
132.mat,2,1750,BPFO,BPFO,100.0,WARNING,Inspect outer-race bearing condition
132.mat,3,1750,BPFO,BPFO,100.0,WARNING,Inspect outer-race bearing condition
132.mat,4,1750,BPFO,BPFO,100.0,WARNING,Inspect outer-race bearing condition
132.mat,5,1750,BPFO,BPFO,100.0,WARNING,Inspect outer-race bearing condition
132.mat,6,1750,BPFO,BPFO,100.0,WARNING,Inspect outer-race bearing condition
132.mat,7,1750,BPFO,BPFO,100.0,WARNING,Inspect outer-race bearing condition
132.mat,8,1750,BPFO,BPFO,100.0,WARNING,Inspect outer-race bearing condition
132.mat,9,1750,BPFO,BPFO,100.0,WARNING,Inspect outer-race bearing condition
132.mat,10,1750,BPFO,BPFO,100.0,WARNING,Inspect outer-race bearing condition
132.mat,11,1750,BPFO,BPFO,100.0,WARNING,Inspect outer-race bearing condition
132.mat,12,1750,BPFO,BPFO,100.0,WARNING,Inspect outer-race bearing condition
132.mat,13,1750,BPFO,BPFO,100.0,WARNING,Inspect outer-race bearing condition
132.mat,14,1750,BPFO,BPFO,100.0,WARNING,Inspect outer-race bearing condition
132.mat,15,1750,BPFO,BPFO,100.0,WARNING,Inspect outer-race bearing condition
132.mat,16,1750,BPFO,BPFO,100.0,WARNING,Inspect outer-race bearing condition
132.mat,17,1750,BPFO,BPFO,100.0,WARNING,Inspect outer-race bearing condition
132.mat,18,1750,BPFO,BPFO,100.0,WARNING,Inspect outer-race bearing condition
133.mat,0,1730,BPFO,BPFO,100.0,WARNING,Inspect outer-race bearing condition
133.mat,1,1730,BPFO,BPFO,100.0,WARNING,Inspect outer-race bearing condition
133.mat,2,1730,BPFO,BPFO,100.0,WARNING,Inspect outer-race bearing condition
133.mat,3,1730,BPFO,BPFO,100.0,WARNING,Inspect outer-race bearing condition
133.mat,4,1730,BPFO,BPFO,100.0,WARNING,Inspect outer-race bearing condition
133.mat,5,1730,BPFO,BPFO,100.0,WARNING,Inspect outer-race bearing condition
133.mat,6,1730,BPFO,BPFO,100.0,WARNING,Inspect outer-race bearing condition
133.mat,7,1730,BPFO,BPFO,100.0,WARNING,Inspect outer-race bearing condition
133.mat,8,1730,BPFO,BPFO,100.0,WARNING,Inspect outer-race bearing condition
133.mat,9,1730,BPFO,BPFO,100.0,WARNING,Inspect outer-race bearing condition
133.mat,10,1730,BPFO,BPFO,100.0,WARNING,Inspect outer-race bearing condition
133.mat,11,1730,BPFO,BPFO,100.0,WARNING,Inspect outer-race bearing condition
133.mat,12,1730,BPFO,BPFO,100.0,WARNING,Inspect outer-race bearing condition
133.mat,13,1730,BPFO,BPFO,100.0,WARNING,Inspect outer-race bearing condition
133.mat,14,1730,BPFO,BPFO,100.0,WARNING,Inspect outer-race bearing condition
133.mat,15,1730,BPFO,BPFO,100.0,WARNING,Inspect outer-race bearing condition
133.mat,16,1730,BPFO,BPFO,100.0,WARNING,Inspect outer-race bearing condition
133.mat,17,1730,BPFO,BPFO,100.0,WARNING,Inspect outer-race bearing condition
133.mat,18,1730,BPFO,BPFO,100.0,WARNING,Inspect outer-race bearing condition
